https://impulseenglish.s3.us-east-1.amazonaws.com/impulsephotos/%40nabscabDSC_6762.JPEG,FACILITIES
https://impulseenglish.s3.us-east-1.amazonaws.com/impulsephotos/%40nabscabDSC_6762.JPEG,FACILITIES
/images/academy/nabscabdsc-6774.jpeg,FACILITIES
/images/academy/nabscabdsc-6785.jpeg,FACILITIES
/images/academy/nabscabdsc-6786.jpeg,FACILITIES
/images/academy/nabscabdsc-6794.jpeg,FACILITIES
https://impulseenglish.s3.us-east-1.amazonaws.com/impulsephotos/01b4eaa4-6bd4-425e-b4d7-c500cae1dea4.JPG,Great little people. 
/images/academy/6e08cd95-47b7-4d36-95c7-fecfb41e3883.jpeg,Official Cert Impulse English 
https://impulseenglish.s3.us-east-1.amazonaws.com/impulsephotos/ad+1+glp+danny+la+vaguaga.MOV,
/images/academy/cambridge-logo.png,cambridge logo
/images/academy/cambridge-search.jpeg,cambridge logo
https://impulseenglish.s3.us-east-1.amazonaws.com/impulsephotos/clase+gratis.png,great little people
https://impulseenglish.s3.us-east-1.amazonaws.com/impulsephotos/classe+gratis+reel+size.png,
https://impulseenglish.s3.us-east-1.amazonaws.com/impulsephotos/Copia+de+5.+STORY+incorporacio%CC%81n+glp+(1).png,great little people
https://impulseenglish.s3.us-east-1.amazonaws.com/impulsephotos/Copia+de+5.+STORY+incorporacio%CC%81n+glp.png,great little people
https://impulseenglish.s3.us-east-1.amazonaws.com/impulsephotos/Zoomed-out+view+of+entrance+doorway.+.MP4,facilities
https://impulseenglish.s3.us-east-1.amazonaws.com/impulsephotos/Wide+shot+of+academy+entrance.HEIC,facilities
https://impulseenglish.s3.us-east-1.amazonaws.com/impulsephotos/Video+of+entrance+good+idea+for+home+page+of+website.+.MOV,video of entrance
https://impulseenglish.s3.us-east-1.amazonaws.com/impulsephotos/video+Downstairs+facilities.+.MOV,downstairs facilites
https://impulseenglish.s3.us-east-1.amazonaws.com/impulsephotos/Teachers%2C+too.JPEG,jp speaking
https://impulseenglish.s3.us-east-1.amazonaws.com/impulsephotos/Patrick+the+Panda+logo.JPEG,patrick panda infantil
https://impulseenglish.s3.us-east-1.amazonaws.com/impulsephotos/Photo+of+reviews.HEIC,facilities 
https://impulseenglish.s3.us-east-1.amazonaws.com/impulsephotos/Students%2C+great+people.MP4,great little people
https://impulseenglish.s3.us-east-1.amazonaws.com/impulsephotos/SHORTED+ACADEMY.mp4,
https://impulseenglish.s3.us-east-1.amazonaws.com/impulsephotos/official+Certificate+Cambridge.zip,official cambridge cert
https://impulseenglish.s3.us-east-1.amazonaws.com/impulsephotos/ENG_93432_V1_LINGUASKILL_WEB_960x250px_INT_ADULT_3_Adminster+the+exam_logo.jpg,
/images/academy/crazy-people-follow-2.jpeg,gresat little people infantil. 
/images/academy/escuela-gonzalo-18.jpeg,photos with primary secondary students
/images/academy/escuela-gonzalo-4.jpeg,photos with primary secondary students
/images/academy/escuela-gonzalo-4.jpeg,photos with primary secondary students
/images/academy/img-4117.png,official impulse logo
/images/academy/linguaskill.png,LINGUIASKILL LOGO
/images/academy/logo-linguaskill-white.png,LINGUIASKILL LOGO
https://impulseenglish.s3.us-east-1.amazonaws.com/impulsephotos/nos+unimos+post.png,Great Little People Poster 
/images/academy/lucia-photo-academy.jpeg,lucia academy
/images/academy/lara-c1-cert.jpeg,student with cert
https://impulseenglish.s3.us-east-1.amazonaws.com/impulsephotos/free+class.png,Great Little People Poster 
https://impulseenglish.s3.us-east-1.amazonaws.com/impulsephotos/come+vist+open+week+post.png,
https://impulseenglish.s3.us-east-1.amazonaws.com/impulsephotos/IMG_1680.MOV,
/images/academy/img-8597.jpg,REVIEW
/images/academy/img-8598.jpg,REVIEW
/images/academy/img-8599.jpg,REVIEW
/images/academy/img-8600.jpg,REVIEW
/images/academy/img-8602.jpg,REVIEW
/images/academy/img-8602.jpg,REVIEW
/images/academy/img-8603.jpg,REVIEW
/images/academy/img-8604.jpg,REVIEW
/images/academy/img-8605.jpg,REVIEW
/images/academy/img-8606.jpg,REVIEW
/images/academy/img-8607.jpg,REVIEW
/images/academy/img-8608.jpg,REVIEW
/images/academy/img-8609.jpg,REVIEW
/images/academy/img-8610.jpg,REVIEW
/images/academy/img-8611.jpg,REVIEW